0,user_0
1,user_1
2,user_2
3,user_3
4,user_4
5,user_5
6,user_6
7,user_7
8,user_8
9,user_9
10,user_10
11,user_11
12,user_12
13,user_13
14,user_14
15,user_15
16,user_16
17,user_17
18,user_18
19,user_19
20,user_20
21,user_21
22,user_22
23,user_23
24,user_24
25,user_25
26,user_26
27,user_27
28,user_28
29,user_29
30,user_30
31,user_31
32,user_32
33,user_33
34,user_34
35,user_35
36,user_36
37,user_37
38,user_38
39,user_39
40,user_40
41,user_41
42,user_42
43,user_43
44,user_44
45,user_45
46,user_46
47,user_47
48,user_48
49,user_49
50,user_50
51,user_51
52,user_52
53,user_53
54,user_54
55,user_55
56,user_56
57,user_57
58,user_58
59,user_59
60,user_60
61,user_61
62,user_62
63,user_63
64,user_64
65,user_65
66,user_66
67,user_67
68,user_68
69,user_69
70,user_70
71,user_71
72,user_72
73,user_73
74,user_74
75,user_75
76,user_76
77,user_77
78,user_78
79,user_79
80,user_80
81,user_81
82,user_82
83,user_83
84,user_84
85,user_85
86,user_86
87,user_87
88,user_88
89,user_89
90,user_90
91,user_91
92,user_92
93,user_93
94,user_94
95,user_95
96,user_96
97,user_97
98,user_98
99,user_99
100,user_100
101,user_101
102,user_102
103,user_103
104,user_104
105,user_105
106,user_106
107,user_107
108,user_108
109,user_109
110,user_110
111,user_111
112,user_112
113,user_113
114,user_114
115,user_115
116,user_116
117,user_117
118,user_118
119,user_119
120,user_120
121,user_121
122,user_122
123,user_123
124,user_124
125,user_125
126,user_126
127,user_127
128,user_128
129,user_129
130,user_130
131,user_131
132,user_132
133,user_133
134,user_134
135,user_135
136,user_136
137,user_137
138,user_138
139,user_139
140,user_140
141,user_141
142,user_142
143,user_143
144,user_144
145,user_145
146,user_146
147,user_147
148,user_148
149,user_149
150,user_150
151,user_151
152,user_152
153,user_153
154,user_154
155,user_155
156,user_156
157,user_157
158,user_158
159,user_159
160,user_160
161,user_161
162,user_162
163,user_163
164,user_164
165,user_165
166,user_166
167,user_167
168,user_168
169,user_169
170,user_170
171,user_171
172,user_172
173,user_173
174,user_174
175,user_175
176,user_176
177,user_177
178,user_178
179,user_179
180,user_180
181,user_181
182,user_182
183,user_183
184,user_184
185,user_185
186,user_186
187,user_187
188,user_188
189,user_189
190,user_190
191,user_191
192,user_192
193,user_193
194,user_194
195,user_195
196,user_196
197,user_197
198,user_198
199,user_199
200,user_200
201,user_201
202,user_202
203,user_203
204,user_204
205,user_205
206,user_206
207,user_207
208,user_208
209,user_209
210,user_210
211,user_211
212,user_212
213,user_213
214,user_214
215,user_215
216,user_216
217,user_217
218,user_218
219,user_219
220,user_220
221,user_221
222,user_222
223,user_223
224,user_224
225,user_225
226,user_226
227,user_227
228,user_228
229,user_229
230,user_230
231,user_231
232,user_232
233,user_233
234,user_234
235,user_235
236,user_236
237,user_237
238,user_238
239,user_239
240,user_240
241,user_241
242,user_242
243,user_243
244,user_244
245,user_245
246,user_246
247,user_247
248,user_248
249,user_249
250,user_250
251,user_251
252,user_252
253,user_253
254,user_254
255,user_255
256,user_256
257,user_257
258,user_258
259,user_259
260,user_260
261,user_261
262,user_262
263,user_263
264,user_264
265,user_265
266,user_266
267,user_267
268,user_268
269,user_269
270,user_270
271,user_271
272,user_272
273,user_273
274,user_274
275,user_275
276,user_276
277,user_277
278,user_278
279,user_279
280,user_280
281,user_281
282,user_282
283,user_283
284,user_284
285,user_285
286,user_286
287,user_287
288,user_288
289,user_289
290,user_290
291,user_291
292,user_292
293,user_293
294,user_294
295,user_295
296,user_296
297,user_297
298,user_298
299,user_299
300,user_300
301,user_301
302,user_302
303,user_303
304,user_304
305,user_305
306,user_306
307,user_307
308,user_308
309,user_309
310,user_310
311,user_311
312,user_312
313,user_313
314,user_314
315,user_315
316,user_316
317,user_317
318,user_318
319,user_319
320,user_320
321,user_321
322,user_322
323,user_323
324,user_324
325,user_325
326,user_326
327,user_327
328,user_328
329,user_329
330,user_330
331,user_331
332,user_332
333,user_333
334,user_334
335,user_335
336,user_336
337,user_337
338,user_338
339,user_339
340,user_340
341,user_341
342,user_342
343,user_343
344,user_344
345,user_345
346,user_346
347,user_347
348,user_348
349,user_349
350,user_350
351,user_351
352,user_352
353,user_353
354,user_354
355,user_355
356,user_356
357,user_357
358,user_358
359,user_359
360,user_360
361,user_361
362,user_362
363,user_363
364,user_364
365,user_365
366,user_366
367,user_367
368,user_368
369,user_369
370,user_370
371,user_371
372,user_372
373,user_373
374,user_374
375,user_375
376,user_376
377,user_377
378,user_378
379,user_379
380,user_380
381,user_381
382,user_382
383,user_383
384,user_384
385,user_385
386,user_386
387,user_387
388,user_388
389,user_389
390,user_390
391,user_391
392,user_392
393,user_393
394,user_394
395,user_395
396,user_396
397,user_397
398,user_398
399,user_399
400,user_400
401,user_401
402,user_402
403,user_403
404,user_404
405,user_405
406,user_406
407,user_407
408,user_408
409,user_409
410,user_410
411,user_411
412,user_412
413,user_413
414,user_414
415,user_415
416,user_416
417,user_417
418,user_418
419,user_419
420,user_420
421,user_421
422,user_422
423,user_423
424,user_424
425,user_425
426,user_426
427,user_427
428,user_428
429,user_429
430,user_430
431,user_431
432,user_432
433,user_433
434,user_434
435,user_435
436,user_436
437,user_437
438,user_438
439,user_439
440,user_440
441,user_441
442,user_442
443,user_443
444,user_444
445,user_445
446,user_446
447,user_447
448,user_448
449,user_449
450,user_450
451,user_451
452,user_452
453,user_453
454,user_454
455,user_455
456,user_456
457,user_457
458,user_458
459,user_459
460,user_460
461,user_461
462,user_462
463,user_463
464,user_464
465,user_465
466,user_466
467,user_467
468,user_468
469,user_469
470,user_470
471,user_471
472,user_472
473,user_473
474,user_474
475,user_475
476,user_476
477,user_477
478,user_478
479,user_479
480,user_480
481,user_481
482,user_482
483,user_483
484,user_484
485,user_485
486,user_486
487,user_487
488,user_488
489,user_489
490,user_490
491,user_491
492,user_492
493,user_493
494,user_494
495,user_495
496,user_496
497,user_497
498,user_498
499,user_499
500,user_500
501,user_501
502,user_502
503,user_503
504,user_504
505,user_505
506,user_506
507,user_507
508,user_508
509,user_509
510,user_510
511,user_511
512,user_512
513,user_513
514,user_514
515,user_515
516,user_516
517,user_517
518,user_518
519,user_519
520,user_520
521,user_521
522,user_522
523,user_523
524,user_524
525,user_525
526,user_526
527,user_527
528,user_528
529,user_529
530,user_530
531,user_531
532,user_532
533,user_533
534,user_534
535,user_535
536,user_536
537,user_537
538,user_538
539,user_539
540,user_540
541,user_541
542,user_542
543,user_543
544,user_544
545,user_545
546,user_546
547,user_547
548,user_548
549,user_549
550,user_550
551,user_551
552,user_552
553,user_553
554,user_554
555,user_555
556,user_556
557,user_557
558,user_558
559,user_559
560,user_560
561,user_561
562,user_562
563,user_563
564,user_564
565,user_565
566,user_566
567,user_567
568,user_568
569,user_569
570,user_570
571,user_571
572,user_572
573,user_573
574,user_574
575,user_575
576,user_576
577,user_577
578,user_578
579,user_579
580,user_580
581,user_581
582,user_582
583,user_583
584,user_584
585,user_585
586,user_586
587,user_587
588,user_588
589,user_589
590,user_590
591,user_591
592,user_592
593,user_593
594,user_594
595,user_595
596,user_596
597,user_597
598,user_598
599,user_599
600,user_600
601,user_601
602,user_602
603,user_603
604,user_604
605,user_605
606,user_606
607,user_607
608,user_608
609,user_609
610,user_610
611,user_611
612,user_612
613,user_613
614,user_614
615,user_615
616,user_616
617,user_617
618,user_618
619,user_619
620,user_620
621,user_621
622,user_622
623,user_623
624,user_624
625,user_625
626,user_626
627,user_627
628,user_628
629,user_629
630,user_630
631,user_631
632,user_632
633,user_633
634,user_634
635,user_635
636,user_636
637,user_637
638,user_638
639,user_639
640,user_640
641,user_641
642,user_642
643,user_643
644,user_644
645,user_645
646,user_646
647,user_647
648,user_648
649,user_649
650,user_650
651,user_651
652,user_652
653,user_653
654,user_654
655,user_655
656,user_656
657,user_657
658,user_658
659,user_659
660,user_660
661,user_661
662,user_662
663,user_663
664,user_664
665,user_665
666,user_666
667,user_667
668,user_668
669,user_669
670,user_670
671,user_671
672,user_672
673,user_673
674,user_674
675,user_675
676,user_676
677,user_677
678,user_678
679,user_679
680,user_680
681,user_681
682,user_682
683,user_683
684,user_684
685,user_685
686,user_686
687,user_687
688,user_688
689,user_689
690,user_690
691,user_691
692,user_692
693,user_693
694,user_694
695,user_695
696,user_696
697,user_697
698,user_698
699,user_699
700,user_700
701,user_701
702,user_702
703,user_703
704,user_704
705,user_705
706,user_706
707,user_707
708,user_708
709,user_709
710,user_710
711,user_711
712,user_712
713,user_713
714,user_714
715,user_715
716,user_716
717,user_717
718,user_718
719,user_719
720,user_720
721,user_721
722,user_722
723,user_723
724,user_724
725,user_725
726,user_726
727,user_727
728,user_728
729,user_729
730,user_730
731,user_731
732,user_732
733,user_733
734,user_734
735,user_735
736,user_736
737,user_737
738,user_738
739,user_739
740,user_740
741,user_741
742,user_742
743,user_743
744,user_744
745,user_745
746,user_746
747,user_747
748,user_748
749,user_749
750,user_750
751,user_751
752,user_752
753,user_753
754,user_754
755,user_755
756,user_756
757,user_757
758,user_758
759,user_759
760,user_760
761,user_761
762,user_762
763,user_763
764,user_764
765,user_765
766,user_766
767,user_767
768,user_768
769,user_769
770,user_770
771,user_771
772,user_772
773,user_773
774,user_774
775,user_775
776,user_776
777,user_777
778,user_778
779,user_779
780,user_780
781,user_781
782,user_782
783,user_783
784,user_784
785,user_785
786,user_786
787,user_787
788,user_788
789,user_789
790,user_790
791,user_791
792,user_792
793,user_793
794,user_794
795,user_795
796,user_796
797,user_797
798,user_798
799,user_799
800,user_800
801,user_801
802,user_802
803,user_803
804,user_804
805,user_805
806,user_806
807,user_807
808,user_808
809,user_809
810,user_810
811,user_811
812,user_812
813,user_813
814,user_814
815,user_815
816,user_816
817,user_817
818,user_818
819,user_819
820,user_820
821,user_821
822,user_822
823,user_823
824,user_824
825,user_825
826,user_826
827,user_827
828,user_828
829,user_829
830,user_830
831,user_831
832,user_832
833,user_833
834,user_834
835,user_835
836,user_836
837,user_837
838,user_838
839,user_839
840,user_840
841,user_841
842,user_842
843,user_843
844,user_844
845,user_845
846,user_846
847,user_847
848,user_848
849,user_849
850,user_850
851,user_851
852,user_852
853,user_853
854,user_854
855,user_855
856,user_856
857,user_857
858,user_858
859,user_859
860,user_860
861,user_861
862,user_862
863,user_863
864,user_864
865,user_865
866,user_866
867,user_867
868,user_868
869,user_869
870,user_870
871,user_871
872,user_872
873,user_873
874,user_874
875,user_875
876,user_876
877,user_877
878,user_878
879,user_879
880,user_880
881,user_881
882,user_882
883,user_883
884,user_884
885,user_885
886,user_886
887,user_887
888,user_888
889,user_889
890,user_890
891,user_891
892,user_892
893,user_893
894,user_894
895,user_895
896,user_896
897,user_897
898,user_898
899,user_899
900,user_900
901,user_901
902,user_902
903,user_903
904,user_904
905,user_905
906,user_906
907,user_907
908,user_908
909,user_909
910,user_910
911,user_911
912,user_912
913,user_913
914,user_914
915,user_915
916,user_916
917,user_917
918,user_918
919,user_919
920,user_920
921,user_921
922,user_922
923,user_923
924,user_924
925,user_925
926,user_926
927,user_927
928,user_928
929,user_929
930,user_930
931,user_931
932,user_932
933,user_933
934,user_934
935,user_935
936,user_936
937,user_937
938,user_938
939,user_939
940,user_940
941,user_941
942,user_942
943,user_943
944,user_944
945,user_945
946,user_946
947,user_947
948,user_948
949,user_949
950,user_950
951,user_951
952,user_952
953,user_953
954,user_954
955,user_955
956,user_956
957,user_957
958,user_958
959,user_959
960,user_960
961,user_961
962,user_962
963,user_963
964,user_964
965,user_965
966,user_966
967,user_967
968,user_968
969,user_969
970,user_970
971,user_971
972,user_972
973,user_973
974,user_974
975,user_975
976,user_976
977,user_977
978,user_978
979,user_979
980,user_980
981,user_981
982,user_982
983,user_983
984,user_984
985,user_985
986,user_986
987,user_987
988,user_988
989,user_989
990,user_990
991,user_991
992,user_992
993,user_993
994,user_994
995,user_995
996,user_996
997,user_997
998,user_998
999,user_999
