0,word_0
1,word_1
2,word_2
3,word_3
4,word_4
5,word_5
6,word_6
7,word_7
8,word_8
9,word_9
10,word_10
11,word_11
12,word_12
13,word_13
14,word_14
15,word_15
16,word_16
17,word_17
18,word_18
19,word_19
20,word_20
21,word_21
22,word_22
23,word_23
24,word_24
25,word_25
26,word_26
27,word_27
28,word_28
29,word_29
30,word_30
31,word_31
32,word_32
33,word_33
34,word_34
35,word_35
36,word_36
37,word_37
38,word_38
39,word_39
40,word_40
41,word_41
42,word_42
43,word_43
44,word_44
45,word_45
46,word_46
47,word_47
48,word_48
49,word_49
50,word_50
51,word_51
52,word_52
53,word_53
54,word_54
55,word_55
56,word_56
57,word_57
58,word_58
59,word_59
60,word_60
61,word_61
62,word_62
63,word_63
64,word_64
65,word_65
66,word_66
67,word_67
68,word_68
69,word_69
70,word_70
71,word_71
72,word_72
73,word_73
74,word_74
75,word_75
76,word_76
77,word_77
78,word_78
79,word_79
80,word_80
81,word_81
82,word_82
83,word_83
84,word_84
85,word_85
86,word_86
87,word_87
88,word_88
89,word_89
90,word_90
91,word_91
92,word_92
93,word_93
94,word_94
95,word_95
96,word_96
97,word_97
98,word_98
99,word_99
100,word_100
101,word_101
102,word_102
103,word_103
104,word_104
105,word_105
106,word_106
107,word_107
108,word_108
109,word_109
110,word_110
111,word_111
112,word_112
113,word_113
114,word_114
115,word_115
116,word_116
117,word_117
118,word_118
119,word_119
120,word_120
121,word_121
122,word_122
123,word_123
124,word_124
125,word_125
126,word_126
127,word_127
128,word_128
129,word_129
130,word_130
131,word_131
132,word_132
133,word_133
134,word_134
135,word_135
136,word_136
137,word_137
138,word_138
139,word_139
140,word_140
141,word_141
142,word_142
143,word_143
144,word_144
145,word_145
146,word_146
147,word_147
148,word_148
149,word_149
150,word_150
151,word_151
152,word_152
153,word_153
154,word_154
155,word_155
156,word_156
157,word_157
158,word_158
159,word_159
160,word_160
161,word_161
162,word_162
163,word_163
164,word_164
165,word_165
166,word_166
167,word_167
168,word_168
169,word_169
170,word_170
171,word_171
172,word_172
173,word_173
174,word_174
175,word_175
176,word_176
177,word_177
178,word_178
179,word_179
180,word_180
181,word_181
182,word_182
183,word_183
184,word_184
185,word_185
186,word_186
187,word_187
188,word_188
189,word_189
190,word_190
191,word_191
192,word_192
193,word_193
194,word_194
195,word_195
196,word_196
197,word_197
198,word_198
199,word_199
200,word_200
201,word_201
202,word_202
203,word_203
204,word_204
205,word_205
206,word_206
207,word_207
208,word_208
209,word_209
210,word_210
211,word_211
212,word_212
213,word_213
214,word_214
215,word_215
216,word_216
217,word_217
218,word_218
219,word_219
220,word_220
221,word_221
222,word_222
223,word_223
224,word_224
225,word_225
226,word_226
227,word_227
228,word_228
229,word_229
230,word_230
231,word_231
232,word_232
233,word_233
234,word_234
235,word_235
236,word_236
237,word_237
238,word_238
239,word_239
240,word_240
241,word_241
242,word_242
243,word_243
244,word_244
245,word_245
246,word_246
247,word_247
248,word_248
249,word_249
250,word_250
251,word_251
252,word_252
253,word_253
254,word_254
255,word_255
256,word_256
257,word_257
258,word_258
259,word_259
260,word_260
261,word_261
262,word_262
263,word_263
264,word_264
265,word_265
266,word_266
267,word_267
268,word_268
269,word_269
270,word_270
271,word_271
272,word_272
273,word_273
274,word_274
275,word_275
276,word_276
277,word_277
278,word_278
279,word_279
280,word_280
281,word_281
282,word_282
283,word_283
284,word_284
285,word_285
286,word_286
287,word_287
288,word_288
289,word_289
290,word_290
291,word_291
292,word_292
293,word_293
294,word_294
295,word_295
296,word_296
297,word_297
298,word_298
299,word_299
300,word_300
301,word_301
302,word_302
303,word_303
304,word_304
305,word_305
306,word_306
307,word_307
308,word_308
309,word_309
310,word_310
311,word_311
312,word_312
313,word_313
314,word_314
315,word_315
316,word_316
317,word_317
318,word_318
319,word_319
320,word_320
321,word_321
322,word_322
323,word_323
324,word_324
325,word_325
326,word_326
327,word_327
328,word_328
329,word_329
330,word_330
331,word_331
332,word_332
333,word_333
334,word_334
335,word_335
336,word_336
337,word_337
338,word_338
339,word_339
340,word_340
341,word_341
342,word_342
343,word_343
344,word_344
345,word_345
346,word_346
347,word_347
348,word_348
349,word_349
350,word_350
351,word_351
352,word_352
353,word_353
354,word_354
355,word_355
356,word_356
357,word_357
358,word_358
359,word_359
360,word_360
361,word_361
362,word_362
363,word_363
364,word_364
365,word_365
366,word_366
367,word_367
368,word_368
369,word_369
370,word_370
371,word_371
372,word_372
373,word_373
374,word_374
375,word_375
376,word_376
377,word_377
378,word_378
379,word_379
380,word_380
381,word_381
382,word_382
383,word_383
384,word_384
385,word_385
386,word_386
387,word_387
388,word_388
389,word_389
390,word_390
391,word_391
392,word_392
393,word_393
394,word_394
395,word_395
396,word_396
397,word_397
398,word_398
399,word_399
400,word_400
401,word_401
402,word_402
403,word_403
404,word_404
405,word_405
406,word_406
407,word_407
408,word_408
409,word_409
410,word_410
411,word_411
412,word_412
413,word_413
414,word_414
415,word_415
416,word_416
417,word_417
418,word_418
419,word_419
420,word_420
421,word_421
422,word_422
423,word_423
424,word_424
425,word_425
426,word_426
427,word_427
428,word_428
429,word_429
430,word_430
431,word_431
432,word_432
433,word_433
434,word_434
435,word_435
436,word_436
437,word_437
438,word_438
439,word_439
440,word_440
441,word_441
442,word_442
443,word_443
444,word_444
445,word_445
446,word_446
447,word_447
448,word_448
449,word_449
450,word_450
451,word_451
452,word_452
453,word_453
454,word_454
455,word_455
456,word_456
457,word_457
458,word_458
459,word_459
460,word_460
461,word_461
462,word_462
463,word_463
464,word_464
465,word_465
466,word_466
467,word_467
468,word_468
469,word_469
470,word_470
471,word_471
472,word_472
473,word_473
474,word_474
475,word_475
476,word_476
477,word_477
478,word_478
479,word_479
480,word_480
481,word_481
482,word_482
483,word_483
484,word_484
485,word_485
486,word_486
487,word_487
488,word_488
489,word_489
490,word_490
491,word_491
492,word_492
493,word_493
494,word_494
495,word_495
496,word_496
497,word_497
498,word_498
499,word_499
500,word_500
501,word_501
502,word_502
503,word_503
504,word_504
505,word_505
506,word_506
507,word_507
508,word_508
509,word_509
510,word_510
511,word_511
512,word_512
513,word_513
514,word_514
515,word_515
516,word_516
517,word_517
518,word_518
519,word_519
520,word_520
521,word_521
522,word_522
523,word_523
524,word_524
525,word_525
526,word_526
527,word_527
528,word_528
529,word_529
530,word_530
531,word_531
532,word_532
533,word_533
534,word_534
535,word_535
536,word_536
537,word_537
538,word_538
539,word_539
540,word_540
541,word_541
542,word_542
543,word_543
544,word_544
545,word_545
546,word_546
547,word_547
548,word_548
549,word_549
550,word_550
551,word_551
552,word_552
553,word_553
554,word_554
555,word_555
556,word_556
557,word_557
558,word_558
559,word_559
560,word_560
561,word_561
562,word_562
563,word_563
564,word_564
565,word_565
566,word_566
567,word_567
568,word_568
569,word_569
570,word_570
571,word_571
572,word_572
573,word_573
574,word_574
575,word_575
576,word_576
577,word_577
578,word_578
579,word_579
580,word_580
581,word_581
582,word_582
583,word_583
584,word_584
585,word_585
586,word_586
587,word_587
588,word_588
589,word_589
590,word_590
591,word_591
592,word_592
593,word_593
594,word_594
595,word_595
596,word_596
597,word_597
598,word_598
599,word_599
600,word_600
601,word_601
602,word_602
603,word_603
604,word_604
605,word_605
606,word_606
607,word_607
608,word_608
609,word_609
610,word_610
611,word_611
612,word_612
613,word_613
614,word_614
615,word_615
616,word_616
617,word_617
618,word_618
619,word_619
620,word_620
621,word_621
622,word_622
623,word_623
624,word_624
625,word_625
626,word_626
627,word_627
628,word_628
629,word_629
630,word_630
631,word_631
632,word_632
633,word_633
634,word_634
635,word_635
636,word_636
637,word_637
638,word_638
639,word_639
640,word_640
641,word_641
642,word_642
643,word_643
644,word_644
645,word_645
646,word_646
647,word_647
648,word_648
649,word_649
650,word_650
651,word_651
652,word_652
653,word_653
654,word_654
655,word_655
656,word_656
657,word_657
658,word_658
659,word_659
660,word_660
661,word_661
662,word_662
663,word_663
664,word_664
665,word_665
666,word_666
667,word_667
668,word_668
669,word_669
670,word_670
671,word_671
672,word_672
673,word_673
674,word_674
675,word_675
676,word_676
677,word_677
678,word_678
679,word_679
680,word_680
681,word_681
682,word_682
683,word_683
684,word_684
685,word_685
686,word_686
687,word_687
688,word_688
689,word_689
690,word_690
691,word_691
692,word_692
693,word_693
694,word_694
695,word_695
696,word_696
697,word_697
698,word_698
699,word_699
700,word_700
701,word_701
702,word_702
703,word_703
704,word_704
705,word_705
706,word_706
707,word_707
708,word_708
709,word_709
710,word_710
711,word_711
712,word_712
713,word_713
714,word_714
715,word_715
716,word_716
717,word_717
718,word_718
719,word_719
720,word_720
721,word_721
722,word_722
723,word_723
724,word_724
725,word_725
726,word_726
727,word_727
728,word_728
729,word_729
730,word_730
731,word_731
732,word_732
733,word_733
734,word_734
735,word_735
736,word_736
737,word_737
738,word_738
739,word_739
740,word_740
741,word_741
742,word_742
743,word_743
744,word_744
745,word_745
746,word_746
747,word_747
748,word_748
749,word_749
750,word_750
751,word_751
752,word_752
753,word_753
754,word_754
755,word_755
756,word_756
757,word_757
758,word_758
759,word_759
760,word_760
761,word_761
762,word_762
763,word_763
764,word_764
765,word_765
766,word_766
767,word_767
768,word_768
769,word_769
770,word_770
771,word_771
772,word_772
773,word_773
774,word_774
775,word_775
776,word_776
777,word_777
778,word_778
779,word_779
780,word_780
781,word_781
782,word_782
783,word_783
784,word_784
785,word_785
786,word_786
787,word_787
788,word_788
789,word_789
790,word_790
791,word_791
792,word_792
793,word_793
794,word_794
795,word_795
796,word_796
797,word_797
798,word_798
799,word_799
800,word_800
801,word_801
802,word_802
803,word_803
804,word_804
805,word_805
806,word_806
807,word_807
808,word_808
809,word_809
810,word_810
811,word_811
812,word_812
813,word_813
814,word_814
815,word_815
816,word_816
817,word_817
818,word_818
819,word_819
820,word_820
821,word_821
822,word_822
823,word_823
824,word_824
825,word_825
826,word_826
827,word_827
828,word_828
829,word_829
830,word_830
831,word_831
832,word_832
833,word_833
834,word_834
835,word_835
836,word_836
837,word_837
838,word_838
839,word_839
840,word_840
841,word_841
842,word_842
843,word_843
844,word_844
845,word_845
846,word_846
847,word_847
848,word_848
849,word_849
850,word_850
851,word_851
852,word_852
853,word_853
854,word_854
855,word_855
856,word_856
857,word_857
858,word_858
859,word_859
860,word_860
861,word_861
862,word_862
863,word_863
864,word_864
865,word_865
866,word_866
867,word_867
868,word_868
869,word_869
870,word_870
871,word_871
872,word_872
873,word_873
874,word_874
875,word_875
876,word_876
877,word_877
878,word_878
879,word_879
880,word_880
881,word_881
882,word_882
883,word_883
884,word_884
885,word_885
886,word_886
887,word_887
888,word_888
889,word_889
890,word_890
891,word_891
892,word_892
893,word_893
894,word_894
895,word_895
896,word_896
897,word_897
898,word_898
899,word_899
900,word_900
901,word_901
902,word_902
903,word_903
904,word_904
905,word_905
906,word_906
907,word_907
908,word_908
909,word_909
910,word_910
911,word_911
912,word_912
913,word_913
914,word_914
915,word_915
916,word_916
917,word_917
918,word_918
919,word_919
920,word_920
921,word_921
922,word_922
923,word_923
924,word_924
925,word_925
926,word_926
927,word_927
928,word_928
929,word_929
930,word_930
931,word_931
932,word_932
933,word_933
934,word_934
935,word_935
936,word_936
937,word_937
938,word_938
939,word_939
940,word_940
941,word_941
942,word_942
943,word_943
944,word_944
945,word_945
946,word_946
947,word_947
948,word_948
949,word_949
950,word_950
951,word_951
952,word_952
953,word_953
954,word_954
955,word_955
956,word_956
957,word_957
958,word_958
959,word_959
960,word_960
961,word_961
962,word_962
963,word_963
964,word_964
965,word_965
966,word_966
967,word_967
968,word_968
969,word_969
970,word_970
971,word_971
972,word_972
973,word_973
974,word_974
975,word_975
976,word_976
977,word_977
978,word_978
979,word_979
980,word_980
981,word_981
982,word_982
983,word_983
984,word_984
985,word_985
986,word_986
987,word_987
988,word_988
989,word_989
990,word_990
991,word_991
992,word_992
993,word_993
994,word_994
995,word_995
996,word_996
997,word_997
998,word_998
999,word_999
